<annotation>
	<folder>JPEGImages</folder>
	<filename>005.png</filename>
	<path>C:\Users\DELL\Desktop\feishui\JPEGImages\005.png</path>
	<source>
		<database>Unknown</database>
	</source>
	<size>
		<width>221</width>
		<height>290</height>
		<depth>3</depth>
	</size>
	<segmented>0</segmented>
	<object>
		<name>chaobiao</name>
		<pose>Unspecified</pose>
		<truncated>0</truncated>
		<difficult>0</difficult>
		<bndbox>
			<xmin>92</xmin>
			<ymin>138</ymin>
			<xmax>195</xmax>
			<ymax>253</ymax>
		</bndbox>
	</object>
</annotation>
