<annotation>
	<folder>JPEGImages</folder>
	<filename>011.png</filename>
	<path>C:\Users\DELL\Desktop\feishui\JPEGImages\011.png</path>
	<source>
		<database>Unknown</database>
	</source>
	<size>
		<width>359</width>
		<height>189</height>
		<depth>3</depth>
	</size>
	<segmented>0</segmented>
	<object>
		<name>hege</name>
		<pose>Unspecified</pose>
		<truncated>0</truncated>
		<difficult>0</difficult>
		<bndbox>
			<xmin>151</xmin>
			<ymin>89</ymin>
			<xmax>246</xmax>
			<ymax>155</ymax>
		</bndbox>
	</object>
</annotation>
