<annotation>
	<folder>JPEGImages</folder>
	<filename>012.png</filename>
	<path>C:\Users\DELL\Desktop\feishui\JPEGImages\012.png</path>
	<source>
		<database>Unknown</database>
	</source>
	<size>
		<width>361</width>
		<height>191</height>
		<depth>3</depth>
	</size>
	<segmented>0</segmented>
	<object>
		<name>hege</name>
		<pose>Unspecified</pose>
		<truncated>0</truncated>
		<difficult>0</difficult>
		<bndbox>
			<xmin>54</xmin>
			<ymin>83</ymin>
			<xmax>142</xmax>
			<ymax>167</ymax>
		</bndbox>
	</object>
</annotation>
