<annotation>
	<folder>JPEGImages</folder>
	<filename>018.png</filename>
	<path>C:\Users\DELL\Desktop\feishui\JPEGImages\018.png</path>
	<source>
		<database>Unknown</database>
	</source>
	<size>
		<width>404</width>
		<height>297</height>
		<depth>3</depth>
	</size>
	<segmented>0</segmented>
	<object>
		<name>hege</name>
		<pose>Unspecified</pose>
		<truncated>0</truncated>
		<difficult>0</difficult>
		<bndbox>
			<xmin>75</xmin>
			<ymin>153</ymin>
			<xmax>222</xmax>
			<ymax>269</ymax>
		</bndbox>
	</object>
</annotation>
