<annotation>
	<folder>JPEGImages</folder>
	<filename>021.png</filename>
	<path>C:\Users\DELL\Desktop\feishui\JPEGImages\021.png</path>
	<source>
		<database>Unknown</database>
	</source>
	<size>
		<width>821</width>
		<height>529</height>
		<depth>3</depth>
	</size>
	<segmented>0</segmented>
	<object>
		<name>chaobiao</name>
		<pose>Unspecified</pose>
		<truncated>0</truncated>
		<difficult>0</difficult>
		<bndbox>
			<xmin>252</xmin>
			<ymin>192</ymin>
			<xmax>463</xmax>
			<ymax>345</ymax>
		</bndbox>
	</object>
</annotation>
