<annotation>
	<folder>JPEGImages</folder>
	<filename>022.png</filename>
	<path>C:\Users\DELL\Desktop\feishui\JPEGImages\022.png</path>
	<source>
		<database>Unknown</database>
	</source>
	<size>
		<width>616</width>
		<height>363</height>
		<depth>3</depth>
	</size>
	<segmented>0</segmented>
	<object>
		<name>chaobiao</name>
		<pose>Unspecified</pose>
		<truncated>0</truncated>
		<difficult>0</difficult>
		<bndbox>
			<xmin>231</xmin>
			<ymin>180</ymin>
			<xmax>390</xmax>
			<ymax>307</ymax>
		</bndbox>
	</object>
</annotation>
