<annotation>
	<folder>JPEGImages</folder>
	<filename>023.png</filename>
	<path>C:\Users\DELL\Desktop\feishui\JPEGImages\023.png</path>
	<source>
		<database>Unknown</database>
	</source>
	<size>
		<width>418</width>
		<height>266</height>
		<depth>3</depth>
	</size>
	<segmented>0</segmented>
	<object>
		<name>chaobiao</name>
		<pose>Unspecified</pose>
		<truncated>0</truncated>
		<difficult>0</difficult>
		<bndbox>
			<xmin>178</xmin>
			<ymin>135</ymin>
			<xmax>328</xmax>
			<ymax>237</ymax>
		</bndbox>
	</object>
</annotation>
