<annotation>
	<folder>JPEGImages</folder>
	<filename>024.png</filename>
	<path>C:\Users\DELL\Desktop\feishui\JPEGImages\024.png</path>
	<source>
		<database>Unknown</database>
	</source>
	<size>
		<width>249</width>
		<height>240</height>
		<depth>3</depth>
	</size>
	<segmented>0</segmented>
	<object>
		<name>chaobiao</name>
		<pose>Unspecified</pose>
		<truncated>0</truncated>
		<difficult>0</difficult>
		<bndbox>
			<xmin>115</xmin>
			<ymin>140</ymin>
			<xmax>209</xmax>
			<ymax>216</ymax>
		</bndbox>
	</object>
</annotation>
