<annotation>
	<folder>JPEGImages</folder>
	<filename>026.png</filename>
	<path>C:\Users\DELL\Desktop\feishui\JPEGImages\026.png</path>
	<source>
		<database>Unknown</database>
	</source>
	<size>
		<width>508</width>
		<height>279</height>
		<depth>3</depth>
	</size>
	<segmented>0</segmented>
	<object>
		<name>chaobiao</name>
		<pose>Unspecified</pose>
		<truncated>0</truncated>
		<difficult>0</difficult>
		<bndbox>
			<xmin>181</xmin>
			<ymin>199</ymin>
			<xmax>282</xmax>
			<ymax>267</ymax>
		</bndbox>
	</object>
	<object>
		<name>hege</name>
		<pose>Unspecified</pose>
		<truncated>0</truncated>
		<difficult>0</difficult>
		<bndbox>
			<xmin>53</xmin>
			<ymin>49</ymin>
			<xmax>129</xmax>
			<ymax>113</ymax>
		</bndbox>
	</object>
</annotation>
