<annotation>
	<folder>JPEGImages</folder>
	<filename>027.png</filename>
	<path>C:\Users\DELL\Desktop\feishui\JPEGImages\027.png</path>
	<source>
		<database>Unknown</database>
	</source>
	<size>
		<width>375</width>
		<height>197</height>
		<depth>3</depth>
	</size>
	<segmented>0</segmented>
	<object>
		<name>chaobiao</name>
		<pose>Unspecified</pose>
		<truncated>0</truncated>
		<difficult>0</difficult>
		<bndbox>
			<xmin>175</xmin>
			<ymin>80</ymin>
			<xmax>260</xmax>
			<ymax>137</ymax>
		</bndbox>
	</object>
</annotation>
