<annotation>
	<folder>JPEGImages</folder>
	<filename>028.png</filename>
	<path>C:\Users\DELL\Desktop\feishui\JPEGImages\028.png</path>
	<source>
		<database>Unknown</database>
	</source>
	<size>
		<width>316</width>
		<height>157</height>
		<depth>3</depth>
	</size>
	<segmented>0</segmented>
	<object>
		<name>chaobiao</name>
		<pose>Unspecified</pose>
		<truncated>0</truncated>
		<difficult>0</difficult>
		<bndbox>
			<xmin>137</xmin>
			<ymin>73</ymin>
			<xmax>215</xmax>
			<ymax>137</ymax>
		</bndbox>
	</object>
</annotation>
