<annotation>
	<folder>JPEGImages</folder>
	<filename>029.png</filename>
	<path>C:\Users\DELL\Desktop\feishui\JPEGImages\029.png</path>
	<source>
		<database>Unknown</database>
	</source>
	<size>
		<width>282</width>
		<height>294</height>
		<depth>3</depth>
	</size>
	<segmented>0</segmented>
	<object>
		<name>chaobiao</name>
		<pose>Unspecified</pose>
		<truncated>0</truncated>
		<difficult>0</difficult>
		<bndbox>
			<xmin>59</xmin>
			<ymin>56</ymin>
			<xmax>147</xmax>
			<ymax>130</ymax>
		</bndbox>
	</object>
</annotation>
