<annotation>
	<folder>JPEGImages</folder>
	<filename>030.png</filename>
	<path>C:\Users\DELL\Desktop\feishui\JPEGImages\030.png</path>
	<source>
		<database>Unknown</database>
	</source>
	<size>
		<width>331</width>
		<height>231</height>
		<depth>3</depth>
	</size>
	<segmented>0</segmented>
	<object>
		<name>chaobiao</name>
		<pose>Unspecified</pose>
		<truncated>0</truncated>
		<difficult>0</difficult>
		<bndbox>
			<xmin>124</xmin>
			<ymin>100</ymin>
			<xmax>261</xmax>
			<ymax>205</ymax>
		</bndbox>
	</object>
</annotation>
