<annotation>
	<folder>JPEGImages</folder>
	<filename>033.png</filename>
	<path>C:\Users\DELL\Desktop\feishui\JPEGImages\033.png</path>
	<source>
		<database>Unknown</database>
	</source>
	<size>
		<width>226</width>
		<height>145</height>
		<depth>3</depth>
	</size>
	<segmented>0</segmented>
	<object>
		<name>chaobiao</name>
		<pose>Unspecified</pose>
		<truncated>0</truncated>
		<difficult>0</difficult>
		<bndbox>
			<xmin>69</xmin>
			<ymin>84</ymin>
			<xmax>122</xmax>
			<ymax>125</ymax>
		</bndbox>
	</object>
</annotation>
