<annotation>
	<folder>JPEGImages</folder>
	<filename>034.png</filename>
	<path>C:\Users\DELL\Desktop\feishui\JPEGImages\034.png</path>
	<source>
		<database>Unknown</database>
	</source>
	<size>
		<width>367</width>
		<height>391</height>
		<depth>3</depth>
	</size>
	<segmented>0</segmented>
	<object>
		<name>hege</name>
		<pose>Unspecified</pose>
		<truncated>0</truncated>
		<difficult>0</difficult>
		<bndbox>
			<xmin>125</xmin>
			<ymin>180</ymin>
			<xmax>255</xmax>
			<ymax>338</ymax>
		</bndbox>
	</object>
</annotation>
