<annotation>
	<folder>JPEGImages</folder>
	<filename>035.png</filename>
	<path>C:\Users\DELL\Desktop\feishui\JPEGImages\035.png</path>
	<source>
		<database>Unknown</database>
	</source>
	<size>
		<width>297</width>
		<height>296</height>
		<depth>3</depth>
	</size>
	<segmented>0</segmented>
	<object>
		<name>hege</name>
		<pose>Unspecified</pose>
		<truncated>0</truncated>
		<difficult>0</difficult>
		<bndbox>
			<xmin>64</xmin>
			<ymin>121</ymin>
			<xmax>149</xmax>
			<ymax>235</ymax>
		</bndbox>
	</object>
</annotation>
