<annotation>
	<folder>JPEGImages</folder>
	<filename>036.png</filename>
	<path>C:\Users\DELL\Desktop\feishui\JPEGImages\036.png</path>
	<source>
		<database>Unknown</database>
	</source>
	<size>
		<width>325</width>
		<height>181</height>
		<depth>3</depth>
	</size>
	<segmented>0</segmented>
	<object>
		<name>hege</name>
		<pose>Unspecified</pose>
		<truncated>0</truncated>
		<difficult>0</difficult>
		<bndbox>
			<xmin>124</xmin>
			<ymin>94</ymin>
			<xmax>223</xmax>
			<ymax>159</ymax>
		</bndbox>
	</object>
</annotation>
