<annotation>
	<folder>JPEGImages</folder>
	<filename>037.png</filename>
	<path>C:\Users\DELL\Desktop\feishui\JPEGImages\037.png</path>
	<source>
		<database>Unknown</database>
	</source>
	<size>
		<width>218</width>
		<height>149</height>
		<depth>3</depth>
	</size>
	<segmented>0</segmented>
	<object>
		<name>hege</name>
		<pose>Unspecified</pose>
		<truncated>0</truncated>
		<difficult>0</difficult>
		<bndbox>
			<xmin>93</xmin>
			<ymin>68</ymin>
			<xmax>162</xmax>
			<ymax>130</ymax>
		</bndbox>
	</object>
</annotation>
