<annotation>
	<folder>JPEGImages</folder>
	<filename>039.png</filename>
	<path>C:\Users\DELL\Desktop\feishui\JPEGImages\039.png</path>
	<source>
		<database>Unknown</database>
	</source>
	<size>
		<width>443</width>
		<height>389</height>
		<depth>3</depth>
	</size>
	<segmented>0</segmented>
	<object>
		<name>hege</name>
		<pose>Unspecified</pose>
		<truncated>0</truncated>
		<difficult>0</difficult>
		<bndbox>
			<xmin>119</xmin>
			<ymin>174</ymin>
			<xmax>318</xmax>
			<ymax>303</ymax>
		</bndbox>
	</object>
</annotation>
