<annotation>
	<folder>JPEGImages</folder>
	<filename>040.png</filename>
	<path>C:\Users\DELL\Desktop\feishui\JPEGImages\040.png</path>
	<source>
		<database>Unknown</database>
	</source>
	<size>
		<width>482</width>
		<height>360</height>
		<depth>3</depth>
	</size>
	<segmented>0</segmented>
	<object>
		<name>hege</name>
		<pose>Unspecified</pose>
		<truncated>0</truncated>
		<difficult>0</difficult>
		<bndbox>
			<xmin>207</xmin>
			<ymin>103</ymin>
			<xmax>360</xmax>
			<ymax>217</ymax>
		</bndbox>
	</object>
</annotation>
